{"train_ep_max/episode_success": 0, "_step": 14400, "train_ep/episode_success": 0.0, "train_ep/rew": 0.0, "train_ep_max/saved_qpos": 2.9415960467576743, "_runtime": 71.746821641922, "train_ep_max/rew": 0, "train_ep/saved_qpos": 0.12515294511459787, "train_ep/len": 600.0, "_timestamp": 1669025283.2516322, "train_ep_max/len": 600, "train_rl/entropy_loss": 0.0011328501859679818, "train_rl/sec": 5.393025159835815, "test_ep/saved_qpos": 0.13518529737462567, "train_rl/update_iter": 8, "train_rl/value_target": 0.00048006564611569047, "train_rl/value_predicted": 0.0004707789630629122, "train_rl/actor_loss": -0.05545911192893982, "train_rl/critic_weight_norm": 37.49417424448185, "train_rl/steps_per_sec": 333.76437682932766, "test_ep/episode_success": 0.0, "test_ep/rew": 0.0, "train_rl/value_loss": 5.450444540144872e-10, "train_rl/actor_weight_norm": 19.06732057069894, "test_ep/len": 600.0, "train_rl/actor_grad_norm": 0.388114263972966, "train_rl/critic_grad_norm": 2.4229039064996035e-10}
